{
    "time": 0.0016427499940618873,
    "x_best": [
        0
    ],
    "y_best": -0.44126036763191223,
    "m_list": [
        10
    ],
    "y_list": [
        -0.44126036763191223
    ]
}