{
    "y_best": 0.13623276352882385,
    "x_best": [
        1,
        0,
        0,
        1
    ],
    "c_best": true,
    "t_best": 0.02535691997036338,
    "m_list": [
        1,
        2,
        13,
        22
    ],
    "y_list": [
        0.6909714341163635,
        0.34399762749671936,
        0.22748693823814392,
        0.13623276352882385
    ],
    "budget": 50
}