{
    "y_best": 0.13623276352882385,
    "x_best": [
        1,
        0,
        0,
        1
    ],
    "c_best": true,
    "t_best": 0.01071707601659,
    "m_list": [
        1,
        5,
        7,
        9
    ],
    "y_list": [
        0.6909714341163635,
        0.3787766396999359,
        0.34399762749671936,
        0.13623276352882385
    ],
    "budget": 50
}