{
    "y_best": 0.22532932460308075,
    "x_best": [
        1,
        1,
        0,
        1
    ],
    "c_best": true,
    "t_best": 0.00295093294698745,
    "m_list": [
        1
    ],
    "y_list": [
        0.22532932460308075
    ],
    "budget": 50
}