{
    "t_best": 0.008517250011209399,
    "x_best": [
        1,
        0,
        1,
        1,
        0,
        1,
        0,
        0,
        0,
        1
    ],
    "y_best": -0.4949321150779724,
    "c_best": true,
    "m_list": [
        1,
        2,
        3,
        7
    ],
    "y_list": [
        0.006311893463134766,
        -0.046304672956466675,
        -0.3554982542991638,
        -0.4949321150779724
    ],
    "budget": 10
}