{
    "t_best": 0.0030430419719778,
    "x_best": [
        1,
        1,
        0,
        1,
        1,
        1,
        0,
        1,
        1,
        0
    ],
    "y_best": -0.450206458568573,
    "c_best": true,
    "m_list": [
        1
    ],
    "y_list": [
        -0.450206458568573
    ],
    "budget": 10
}