{
    "y_best": 0.1763329952955246,
    "x_best": [
        0,
        1,
        0,
        1
    ],
    "c_best": true,
    "t_best": 0.06038643897045404,
    "m_list": [
        1,
        16,
        26,
        28,
        50
    ],
    "y_list": [
        0.23490655422210693,
        0.22716283798217773,
        0.22532932460308075,
        0.18724291026592255,
        0.1763329952955246
    ],
    "budget": 50
}