{
    "y_best": 0.13623276352882385,
    "x_best": [
        1,
        0,
        0,
        1
    ],
    "c_best": true,
    "t_best": 0.018970487057231367,
    "m_list": [
        1,
        5,
        16
    ],
    "y_list": [
        0.3787766396999359,
        0.22748693823814392,
        0.13623276352882385
    ],
    "budget": 50
}