{
    "time": 1.1084390420001,
    "x_best": [
        0,
        1,
        1,
        0,
        1,
        1,
        0,
        0,
        1,
        0
    ],
    "y_best": -0.003332376480102539,
    "m_list": [
        10,
        20,
        70,
        100
    ],
    "y_list": [
        0.21786734461784363,
        0.11439649760723114,
        0.03343290090560913,
        -0.003332376480102539
    ]
}