{
    "time": 0.9909574170596898,
    "x_best": [
        0,
        1,
        1,
        0,
        1,
        1,
        0,
        0,
        1,
        0
    ],
    "y_best": -0.003332376480102539,
    "m_list": [
        10,
        20,
        40,
        50,
        70,
        90,
        100
    ],
    "y_list": [
        0.21786734461784363,
        0.11439649760723114,
        0.10404667258262634,
        0.08662813901901245,
        0.08568215370178223,
        0.07151481509208679,
        -0.003332376480102539
    ]
}