{
    "time": 1.1488970000064,
    "x_best": [
        0,
        1,
        0,
        0,
        1,
        1,
        1,
        1,
        0,
        0
    ],
    "y_best": 0.10529440641403198,
    "m_list": [
        5,
        10
    ],
    "y_list": [
        0.10529440641403198,
        0.10529440641403198
    ]
}