{
    "y_best": 0.13623276352882385,
    "x_best": [
        1,
        0,
        0,
        1
    ],
    "c_best": true,
    "t_best": 0.08539073797874153,
    "m_list": [
        1,
        3,
        6,
        16,
        29
    ],
    "y_list": [
        0.6909714341163635,
        0.470030814409256,
        0.3787766396999359,
        0.34399762749671936,
        0.13623276352882385
    ],
    "budget": 50
}