{
    "time": 0.0051677920127986,
    "x_best": [
        0,
        1,
        1,
        0,
        1,
        0,
        0,
        0,
        1,
        0
    ],
    "y_best": 0.03018862009048462,
    "m_list": [
        10,
        20,
        45,
        55,
        70,
        100
    ],
    "y_list": [
        0.0992400050163269,
        0.08037379384040833,
        0.07475912570953369,
        0.0607239305973053,
        0.03018862009048462,
        0.03018862009048462
    ]
}