{
    "y_best": 0.1763329952955246,
    "x_best": [
        0,
        1,
        0,
        1
    ],
    "c_best": true,
    "t_best": 0.034648628905415535,
    "m_list": [
        1,
        9,
        29
    ],
    "y_list": [
        0.24581646919250488,
        0.22716283798217773,
        0.1763329952955246
    ],
    "budget": 50
}