{
    "time": 0.009297374985180795,
    "x_best": [
        0,
        1,
        0,
        0,
        1,
        1,
        0,
        0,
        1,
        1
    ],
    "y_best": 0.0946790874004364,
    "m_list": [
        1,
        3,
        5,
        7,
        10
    ],
    "y_list": [
        0.35973626375198364,
        0.2030126303434372,
        0.1724773347377777,
        0.0946790874004364,
        0.0946790874004364
    ]
}