{
    "t_best": 0.005738917039707303,
    "x_best": [
        0,
        1,
        0,
        1,
        1,
        1,
        0,
        1,
        1,
        0
    ],
    "y_best": -0.29006415605545044,
    "c_best": true,
    "m_list": [
        1,
        3,
        4,
        5
    ],
    "y_list": [
        0.3364688754081726,
        -0.0005355179309844971,
        -0.1109609603881836,
        -0.29006415605545044
    ],
    "budget": 10
}