{
    "y_best": 0.1763329952955246,
    "x_best": [
        0,
        1,
        0,
        1
    ],
    "c_best": true,
    "t_best": 0.01281412597745657,
    "m_list": [
        1,
        2,
        3,
        7,
        10
    ],
    "y_list": [
        0.345642626285553,
        0.2761591672897339,
        0.24581646919250488,
        0.18724291026592255,
        0.1763329952955246
    ],
    "budget": 50
}