{
    "t_best": 0.007815374992787838,
    "x_best": [
        0,
        0,
        1,
        1,
        1,
        1,
        1,
        0,
        1,
        0
    ],
    "y_best": -0.3372541069984436,
    "c_best": true,
    "m_list": [
        1,
        4
    ],
    "y_list": [
        -0.17429089546203613,
        -0.3372541069984436
    ],
    "budget": 10
}