{
    "y_best": 0.1763329952955246,
    "x_best": [
        0,
        1,
        0,
        1
    ],
    "c_best": true,
    "t_best": 0.07866200699936599,
    "m_list": [
        1,
        2,
        3,
        8,
        9,
        26
    ],
    "y_list": [
        0.345642626285553,
        0.2761591672897339,
        0.22716283798217773,
        0.22532932460308075,
        0.18724291026592255,
        0.1763329952955246
    ],
    "budget": 50
}