{
    "y_best": 0.13623276352882385,
    "x_best": [
        1,
        0,
        0,
        1
    ],
    "c_best": true,
    "t_best": 0.037818346987478435,
    "m_list": [
        1,
        2,
        18,
        35
    ],
    "y_list": [
        0.656192421913147,
        0.3787766396999359,
        0.22748693823814392,
        0.13623276352882385
    ],
    "budget": 50
}