{
    "y_best": 0.22748693823814392,
    "x_best": [
        1,
        0,
        1,
        1
    ],
    "c_best": true,
    "t_best": 0.00854251894634217,
    "m_list": [
        1,
        4,
        8
    ],
    "y_list": [
        0.5649382472038269,
        0.470030814409256,
        0.22748693823814392
    ],
    "budget": 50
}