{
    "time": 1928.6106017919956,
    "x_best": [
        0,
        1,
        1,
        0,
        1,
        1,
        1,
        0,
        1,
        0
    ],
    "y_best": 0.02539999969303608,
    "m_list": [
        10,
        15,
        47,
        54,
        98,
        100
    ],
    "y_list": [
        0.0992400050163269,
        0.09440000355243683,
        0.0803999975323677,
        0.05590000003576279,
        0.02539999969303608,
        0.02539999969303608
    ]
}