{
    "y_best": 0.1763329952955246,
    "x_best": [
        0,
        1,
        0,
        1
    ],
    "c_best": true,
    "t_best": 0.0024724859977141023,
    "m_list": [
        1,
        2
    ],
    "y_list": [
        0.2966462969779968,
        0.1763329952955246
    ],
    "budget": 50
}