{
    "y_best": 0.13623276352882385,
    "x_best": [
        1,
        0,
        0,
        1
    ],
    "c_best": true,
    "t_best": 0.006429421016946435,
    "m_list": [
        1,
        2,
        5
    ],
    "y_list": [
        0.5649382472038269,
        0.22748693823814392,
        0.13623276352882385
    ],
    "budget": 50
}