{
    "time": 1.0990531669231132,
    "x_best": [
        0,
        1,
        1,
        0,
        1,
        0,
        1,
        0,
        0,
        1
    ],
    "y_best": -0.5146560668945312,
    "m_list": [
        5,
        10,
        15,
        20,
        65,
        100
    ],
    "y_list": [
        -0.17298650741577148,
        -0.21974337100982666,
        -0.4056389331817627,
        -0.449599951505661,
        -0.5146560668945312,
        -0.5146560668945312
    ]
}