{
    "time": 1988.3356181660201,
    "x_best": [
        0,
        1,
        1,
        0,
        1,
        1,
        0,
        0,
        1,
        0
    ],
    "y_best": -0.0032999999821186066,
    "m_list": [
        10,
        11,
        12,
        13,
        100
    ],
    "y_list": [
        0.1713472455739975,
        0.12520000338554382,
        0.05790000036358833,
        -0.0032999999821186066,
        -0.0032999999821186066
    ]
}