{
    "time": 288.5536745840218,
    "x_best": [
        0,
        1,
        1,
        0,
        1,
        1,
        1,
        1,
        1,
        1
    ],
    "y_best": 0.0992400050163269,
    "m_list": [
        10,
        100
    ],
    "y_list": [
        0.0992400050163269,
        0.0992400050163269
    ]
}