{
    "time": 0.8342985829804093,
    "x_best": [
        0,
        1,
        1,
        0,
        1,
        1,
        0,
        0,
        1,
        0
    ],
    "y_best": -0.003332376480102539,
    "m_list": [
        5,
        10,
        25,
        70,
        95,
        100
    ],
    "y_list": [
        0.17514096200466156,
        0.13782626390457153,
        0.03799384832382202,
        0.009279489517211914,
        -0.003332376480102539,
        -0.003332376480102539
    ]
}