{
    "time": 0.011946749989874661,
    "x_best": [
        0,
        1,
        1,
        0,
        1,
        0,
        0,
        0,
        0,
        0
    ],
    "y_best": 0.0607239305973053,
    "m_list": [
        1,
        2,
        4,
        10
    ],
    "y_list": [
        0.35973626375198364,
        0.23277753591537476,
        0.0607239305973053,
        0.0607239305973053
    ]
}