{
    "t_best": 0.009618583018891513,
    "x_best": [
        1,
        0,
        0,
        1,
        1,
        1,
        0,
        0,
        1,
        0
    ],
    "y_best": -0.45853191614151,
    "c_best": true,
    "m_list": [
        1,
        2,
        6
    ],
    "y_list": [
        0.3364688754081726,
        -0.450206458568573,
        -0.45853191614151
    ],
    "budget": 10
}