{
    "y_best": 0.18724291026592255,
    "x_best": [
        0,
        1,
        0,
        0
    ],
    "c_best": true,
    "t_best": 0.00795908400323242,
    "m_list": [
        1,
        3,
        7
    ],
    "y_list": [
        0.2362392395734787,
        0.23490655422210693,
        0.18724291026592255
    ],
    "budget": 50
}