{
    "t_best": 1.7966182919917628,
    "x_best": [
        1,
        0,
        1,
        1,
        1,
        0,
        0,
        0,
        0,
        1
    ],
    "y_best": -0.5584474802017212,
    "c_best": true,
    "m_list": [
        5,
        10
    ],
    "y_list": [
        -0.5277121663093567,
        -0.5584474802017212
    ],
    "budget": 10
}