{
    "time": 0.6881128749810159,
    "x_best": [
        0,
        1,
        1,
        0,
        1,
        1,
        0,
        0,
        0,
        0
    ],
    "y_best": 0.02720293402671814,
    "m_list": [
        5,
        10,
        15,
        20,
        50,
        95,
        100
    ],
    "y_list": [
        0.3105469346046448,
        0.21098464727401733,
        0.10729095339775085,
        0.046044766902923584,
        0.03343290090560913,
        0.02720293402671814,
        0.02720293402671814
    ]
}