{
    "y_best": 0.1763329952955246,
    "x_best": [
        0,
        1,
        0,
        1
    ],
    "c_best": true,
    "t_best": 0.014070319011807442,
    "m_list": [
        1,
        2,
        3,
        6,
        12
    ],
    "y_list": [
        0.28573641180992126,
        0.2362392395734787,
        0.22532932460308075,
        0.18724291026592255,
        0.1763329952955246
    ],
    "budget": 50
}