{
    "y_best": 0.13623276352882385,
    "x_best": [
        1,
        0,
        0,
        1
    ],
    "c_best": true,
    "t_best": 0.0037399879656732082,
    "m_list": [
        1,
        3
    ],
    "y_list": [
        0.470030814409256,
        0.13623276352882385
    ],
    "budget": 50
}