{
    "y_best": 0.1763329952955246,
    "x_best": [
        0,
        1,
        0,
        1
    ],
    "c_best": true,
    "t_best": 0.014531895983964205,
    "m_list": [
        1,
        2,
        4
    ],
    "y_list": [
        0.2966462969779968,
        0.18724291026592255,
        0.1763329952955246
    ],
    "budget": 50
}