{
    "y_best": 0.22532932460308075,
    "x_best": [
        1,
        1,
        0,
        1
    ],
    "c_best": true,
    "t_best": 0.007842944003641605,
    "m_list": [
        1,
        3,
        7
    ],
    "y_list": [
        0.2362392395734787,
        0.23490655422210693,
        0.22532932460308075
    ],
    "budget": 50
}