{
    "y_best": 0.18724291026592255,
    "x_best": [
        0,
        1,
        0,
        0
    ],
    "c_best": true,
    "t_best": 0.023558022920042276,
    "m_list": [
        1,
        2,
        3,
        4,
        19
    ],
    "y_list": [
        0.345642626285553,
        0.28706908226013184,
        0.23490655422210693,
        0.22716283798217773,
        0.18724291026592255
    ],
    "budget": 50
}