{
    "t_best": 0.009938874980434775,
    "x_best": [
        1,
        0,
        0,
        1,
        1,
        1,
        0,
        1,
        1,
        1
    ],
    "y_best": -0.8098490834236145,
    "c_best": true,
    "m_list": [
        1,
        2,
        5
    ],
    "y_list": [
        0.02231493592262268,
        -0.3532572388648987,
        -0.8098490834236145
    ],
    "budget": 10
}