{
    "time": 54.45250154193491,
    "x_best": [
        0,
        1,
        0,
        0,
        1,
        1,
        0,
        0,
        1,
        0
    ],
    "y_best": 0.033399999141693115,
    "m_list": [
        10,
        15,
        30,
        48,
        100
    ],
    "y_list": [
        0.1713472455739975,
        0.13179999589920044,
        0.07660000026226044,
        0.033399999141693115,
        0.033399999141693115
    ]
}