{
    "time": 245.54194712499157,
    "x_best": [
        0,
        1,
        1,
        0,
        1,
        0,
        1,
        0,
        1,
        0
    ],
    "y_best": 0.05889999866485596,
    "m_list": [
        10,
        45,
        64,
        100
    ],
    "y_list": [
        0.1713472455739975,
        0.14259999990463257,
        0.05889999866485596,
        0.05889999866485596
    ]
}