{
    "y_best": 0.22748693823814392,
    "x_best": [
        1,
        0,
        1,
        1
    ],
    "c_best": true,
    "t_best": 0.038776000030338764,
    "m_list": [
        1,
        2,
        3,
        6,
        36
    ],
    "y_list": [
        0.6909714341163635,
        0.5865415334701538,
        0.43525180220603943,
        0.34399762749671936,
        0.22748693823814392
    ],
    "budget": 50
}