{
    "time": 238.57574354100507,
    "x_best": [
        1,
        1,
        1,
        0,
        1,
        1,
        0,
        0,
        1,
        0
    ],
    "y_best": 0.09440000355243683,
    "m_list": [
        10,
        30,
        35,
        100
    ],
    "y_list": [
        0.26797914505004883,
        0.2506999969482422,
        0.09440000355243683,
        0.09440000355243683
    ]
}