{
    "y_best": 0.1763329952955246,
    "x_best": [
        0,
        1,
        0,
        1
    ],
    "c_best": true,
    "t_best": 0.02231472998391837,
    "m_list": [
        1,
        12,
        20
    ],
    "y_list": [
        0.23807275295257568,
        0.23490655422210693,
        0.1763329952955246
    ],
    "budget": 50
}