{
    "y_best": 0.13623276352882385,
    "x_best": [
        1,
        0,
        0,
        1
    ],
    "c_best": true,
    "t_best": 0.005650085979141295,
    "m_list": [
        1,
        4,
        5
    ],
    "y_list": [
        0.5997172594070435,
        0.3787766396999359,
        0.13623276352882385
    ],
    "budget": 50
}