{
    "y_best": 0.13623276352882385,
    "x_best": [
        1,
        0,
        0,
        1
    ],
    "c_best": true,
    "t_best": 0.0034173589665442705,
    "m_list": [
        1,
        3
    ],
    "y_list": [
        0.5997172594070435,
        0.13623276352882385
    ],
    "budget": 50
}