{
    "y_best": 0.1763329952955246,
    "x_best": [
        0,
        1,
        0,
        1
    ],
    "c_best": true,
    "t_best": 0.006238143076188862,
    "m_list": [
        1,
        2,
        4
    ],
    "y_list": [
        0.29481279850006104,
        0.2761591672897339,
        0.1763329952955246
    ],
    "budget": 50
}