{
    "y_best": 0.13623276352882385,
    "x_best": [
        1,
        0,
        0,
        1
    ],
    "c_best": true,
    "t_best": 0.0037195879267528653,
    "m_list": [
        1,
        2
    ],
    "y_list": [
        0.656192421913147,
        0.13623276352882385
    ],
    "budget": 50
}