{
    "y_best": 0.1763329952955246,
    "x_best": [
        0,
        1,
        0,
        1
    ],
    "c_best": true,
    "t_best": 0.021814613020978868,
    "m_list": [
        1,
        3,
        6,
        18
    ],
    "y_list": [
        0.2761591672897339,
        0.23490655422210693,
        0.18724291026592255,
        0.1763329952955246
    ],
    "budget": 50
}