{
    "y_best": 0.13623276352882385,
    "x_best": [
        1,
        0,
        0,
        1
    ],
    "c_best": true,
    "t_best": 0.03508005302865058,
    "m_list": [
        1,
        6,
        11,
        33
    ],
    "y_list": [
        0.3571733832359314,
        0.34399762749671936,
        0.22748693823814392,
        0.13623276352882385
    ],
    "budget": 50
}