{
    "y_best": 0.34399762749671936,
    "x_best": [
        1,
        1,
        0,
        1
    ],
    "c_best": true,
    "t_best": 0.0017684000777080655,
    "m_list": [
        1
    ],
    "y_list": [
        0.34399762749671936
    ],
    "budget": 50
}