{
    "y_best": 0.22748693823814392,
    "x_best": [
        1,
        0,
        1,
        1
    ],
    "c_best": true,
    "t_best": 0.030513818957842886,
    "m_list": [
        1,
        27
    ],
    "y_list": [
        0.34399762749671936,
        0.22748693823814392
    ],
    "budget": 50
}