{
    "y_best": 0.1763329952955246,
    "x_best": [
        0,
        1,
        0,
        1
    ],
    "c_best": true,
    "t_best": 0.03795663802884519,
    "m_list": [
        1,
        2,
        3,
        11,
        34
    ],
    "y_list": [
        0.23807275295257568,
        0.2362392395734787,
        0.22532932460308075,
        0.18724291026592255,
        0.1763329952955246
    ],
    "budget": 50
}