{
    "y_best": 0.1763329952955246,
    "x_best": [
        0,
        1,
        0,
        1
    ],
    "c_best": true,
    "t_best": 0.01567469898145646,
    "m_list": [
        1,
        2,
        6,
        14
    ],
    "y_list": [
        0.23807275295257568,
        0.22716283798217773,
        0.18724291026592255,
        0.1763329952955246
    ],
    "budget": 50
}