{
    "time": 1903.727718124981,
    "x_best": [
        0,
        1,
        1,
        0,
        1,
        1,
        0,
        0,
        1,
        0
    ],
    "y_best": -0.0032999999821186066,
    "m_list": [
        10,
        15,
        64,
        72,
        100
    ],
    "y_list": [
        0.14443008601665497,
        0.12240000069141388,
        0.07150000333786011,
        -0.0032999999821186066,
        -0.0032999999821186066
    ]
}