{
    "time": 1949.2930823330535,
    "x_best": [
        0,
        1,
        1,
        0,
        1,
        1,
        0,
        0,
        1,
        0
    ],
    "y_best": -0.0032999999821186066,
    "m_list": [
        10,
        20,
        52,
        87,
        97,
        100
    ],
    "y_list": [
        0.06214725971221924,
        0.033399999141693115,
        0.0272000003606081,
        0.00930000003427267,
        -0.0032999999821186066,
        -0.0032999999821186066
    ]
}