{
    "y_best": 0.13623276352882385,
    "x_best": [
        1,
        0,
        0,
        1
    ],
    "c_best": true,
    "t_best": 0.014830842963419855,
    "m_list": [
        1,
        2,
        4
    ],
    "y_list": [
        0.898736298084259,
        0.6909714341163635,
        0.13623276352882385
    ],
    "budget": 50
}