{
    "time": 56.18470695801079,
    "x_best": [
        0,
        1,
        1,
        0,
        1,
        1,
        0,
        0,
        1,
        0
    ],
    "y_best": -0.0032999999821186066,
    "m_list": [
        10,
        15,
        20,
        100
    ],
    "y_list": [
        0.26797914505004883,
        0.04600000008940697,
        -0.0032999999821186066,
        -0.0032999999821186066
    ]
}