{
    "time": 0.7466783340059919,
    "x_best": [
        0,
        1,
        1,
        0,
        1,
        1,
        1,
        0,
        1,
        0
    ],
    "y_best": 0.02538198232650757,
    "m_list": [
        10,
        40,
        100
    ],
    "y_list": [
        0.06852912902832031,
        0.02538198232650757,
        0.02538198232650757
    ]
}