{
    "y_best": 0.1763329952955246,
    "x_best": [
        0,
        1,
        0,
        1
    ],
    "c_best": true,
    "t_best": 0.01577305793762207,
    "m_list": [
        1,
        4,
        5,
        7,
        14
    ],
    "y_list": [
        0.23807275295257568,
        0.23490655422210693,
        0.22716283798217773,
        0.18724291026592255,
        0.1763329952955246
    ],
    "budget": 50
}