{
    "y_best": 0.1763329952955246,
    "x_best": [
        0,
        1,
        0,
        1
    ],
    "c_best": true,
    "t_best": 0.017508227960206568,
    "m_list": [
        1,
        2,
        10,
        13,
        15
    ],
    "y_list": [
        0.28573641180992126,
        0.2362392395734787,
        0.23490655422210693,
        0.22716283798217773,
        0.1763329952955246
    ],
    "budget": 50
}