{
    "t_best": 1.257667500001844,
    "x_best": [
        0,
        0,
        1,
        0,
        1,
        0,
        0,
        0,
        1,
        1
    ],
    "y_best": -0.3789832592010498,
    "c_best": true,
    "m_list": [
        5
    ],
    "y_list": [
        -0.3789832592010498
    ],
    "budget": 10
}