{
    "time": 1.1398410419933498,
    "x_best": [
        0,
        1,
        0,
        0,
        1,
        1,
        0,
        1,
        0,
        1
    ],
    "y_best": 0.13782626390457153,
    "m_list": [
        5,
        10
    ],
    "y_list": [
        0.17514096200466156,
        0.13782626390457153
    ]
}