{
    "y_best": 0.13623276352882385,
    "x_best": [
        1,
        0,
        0,
        1
    ],
    "c_best": true,
    "t_best": 0.030464748037047684,
    "m_list": [
        1,
        2,
        3,
        9,
        27
    ],
    "y_list": [
        0.5997172594070435,
        0.5649382472038269,
        0.44842755794525146,
        0.3571733832359314,
        0.13623276352882385
    ],
    "budget": 50
}