{
    "time": 0.6940981249790639,
    "x_best": [
        0,
        1,
        1,
        0,
        1,
        1,
        1,
        0,
        1,
        0
    ],
    "y_best": 0.02538198232650757,
    "m_list": [
        5,
        20,
        25,
        40,
        55,
        100
    ],
    "y_list": [
        0.12339343130588531,
        0.0946790874004364,
        0.06214725971221924,
        0.03343290090560913,
        0.02538198232650757,
        0.02538198232650757
    ]
}