{
    "time": 0.8188090420007939,
    "x_best": [
        0,
        1,
        1,
        0,
        1,
        1,
        0,
        0,
        1,
        0
    ],
    "y_best": -0.003332376480102539,
    "m_list": [
        10,
        20,
        50,
        70,
        80,
        100
    ],
    "y_list": [
        0.17520850896835327,
        0.09438586235046387,
        0.08844912052154541,
        0.06396821141242981,
        0.03018862009048462,
        -0.003332376480102539
    ]
}