{
    "time": 0.7382956669898704,
    "x_best": [
        0,
        1,
        1,
        0,
        1,
        1,
        0,
        1,
        0,
        0
    ],
    "y_best": 0.03981480002403259,
    "m_list": [
        10,
        20,
        70,
        90,
        100
    ],
    "y_list": [
        0.17520850896835327,
        0.09438586235046387,
        0.09268254041671753,
        0.07475912570953369,
        0.03981480002403259
    ]
}