{
    "y_best": 0.13623276352882385,
    "x_best": [
        1,
        0,
        0,
        1
    ],
    "c_best": true,
    "t_best": 0.005287508945912123,
    "m_list": [
        1,
        4
    ],
    "y_list": [
        0.5865415334701538,
        0.13623276352882385
    ],
    "budget": 50
}