{
    "time": 0.7045314169954509,
    "x_best": [
        0,
        1,
        1,
        0,
        1,
        1,
        0,
        0,
        1,
        0
    ],
    "y_best": -0.003332376480102539,
    "m_list": [
        5,
        10,
        15,
        30,
        65,
        70,
        75,
        100
    ],
    "y_list": [
        0.21971145272254944,
        0.13115113973617554,
        0.1231001764535904,
        0.046044766902923584,
        0.03799384832382202,
        0.02538198232650757,
        -0.003332376480102539,
        -0.003332376480102539
    ]
}