{
    "y_best": 0.13623276352882385,
    "x_best": [
        1,
        0,
        0,
        1
    ],
    "c_best": true,
    "t_best": 0.003637218032963574,
    "m_list": [
        1,
        2,
        3
    ],
    "y_list": [
        0.6777957081794739,
        0.44842755794525146,
        0.13623276352882385
    ],
    "budget": 50
}