{
    "time": 83.96135737502482,
    "x_best": [
        0,
        1,
        1,
        0,
        1,
        1,
        0,
        0,
        1,
        0
    ],
    "y_best": -0.0032999999821186066,
    "m_list": [
        10,
        25,
        34,
        62,
        100
    ],
    "y_list": [
        0.06214725971221924,
        0.039799999445676804,
        0.033399999141693115,
        -0.0032999999821186066,
        -0.0032999999821186066
    ]
}