{
    "y_best": 0.3571733832359314,
    "x_best": [
        1,
        0,
        0,
        0
    ],
    "c_best": true,
    "t_best": 0.0024967060890048742,
    "m_list": [
        1,
        2
    ],
    "y_list": [
        0.44842755794525146,
        0.3571733832359314
    ],
    "budget": 50
}