{
    "time": 0.7340087079999194,
    "x_best": [
        0,
        1,
        1,
        0,
        1,
        1,
        0,
        1,
        1,
        0
    ],
    "y_best": 0.009279489517211914,
    "m_list": [
        10,
        30,
        40,
        100
    ],
    "y_list": [
        0.14767436683177948,
        0.09143480658531189,
        0.009279489517211914,
        0.009279489517211914
    ]
}