{
    "y_best": 0.1763329952955246,
    "x_best": [
        0,
        1,
        0,
        1
    ],
    "c_best": true,
    "t_best": 0.006141914986073971,
    "m_list": [
        1
    ],
    "y_list": [
        0.1763329952955246
    ],
    "budget": 50
}