{
    "y_best": 0.13623276352882385,
    "x_best": [
        1,
        0,
        0,
        1
    ],
    "c_best": true,
    "t_best": 0.012731923954561353,
    "m_list": [
        1,
        2,
        3,
        4,
        12
    ],
    "y_list": [
        0.807482123374939,
        0.5997172594070435,
        0.3787766396999359,
        0.34399762749671936,
        0.13623276352882385
    ],
    "budget": 50
}