{
    "y_best": 0.22532932460308075,
    "x_best": [
        1,
        1,
        0,
        1
    ],
    "c_best": true,
    "t_best": 0.0035398800391703844,
    "m_list": [
        1,
        2
    ],
    "y_list": [
        0.23807275295257568,
        0.22532932460308075
    ],
    "budget": 50
}