{
    "y_best": 0.13623276352882385,
    "x_best": [
        1,
        0,
        0,
        1
    ],
    "c_best": true,
    "t_best": 0.008716449025087059,
    "m_list": [
        1,
        2
    ],
    "y_list": [
        0.34399762749671936,
        0.13623276352882385
    ],
    "budget": 50
}