{
    "y_best": 0.13623276352882385,
    "x_best": [
        1,
        0,
        0,
        1
    ],
    "c_best": true,
    "t_best": 0.001309431972913444,
    "m_list": [
        1
    ],
    "y_list": [
        0.13623276352882385
    ],
    "budget": 50
}