{
    "time": 246.66469387500547,
    "x_best": [
        0,
        0,
        1,
        0,
        1,
        1,
        0,
        1,
        0,
        0
    ],
    "y_best": 0.12349999696016312,
    "m_list": [
        10,
        20,
        100
    ],
    "y_list": [
        0.14443008601665497,
        0.12349999696016312,
        0.12349999696016312
    ]
}