{
    "time": 0.7513015000004089,
    "x_best": [
        0,
        1,
        1,
        0,
        1,
        1,
        1,
        0,
        1,
        0
    ],
    "y_best": 0.02538198232650757,
    "m_list": [
        10,
        30,
        60,
        80,
        90,
        100
    ],
    "y_list": [
        0.15691441297531128,
        0.15662117302417755,
        0.07956576347351074,
        0.06214725971221924,
        0.02538198232650757,
        0.02538198232650757
    ]
}