{
    "time": 0.8130013750633225,
    "x_best": [
        0,
        1,
        1,
        0,
        1,
        1,
        1,
        0,
        0,
        0
    ],
    "y_best": 0.05591726303100586,
    "m_list": [
        10,
        30,
        40,
        60,
        100
    ],
    "y_list": [
        0.15691441297531128,
        0.15662117302417755,
        0.13276100158691406,
        0.05591726303100586,
        0.05591726303100586
    ]
}