{
    "y_best": 0.1763329952955246,
    "x_best": [
        0,
        1,
        0,
        1
    ],
    "c_best": true,
    "t_best": 0.006216143956407905,
    "m_list": [
        1,
        2,
        3,
        5
    ],
    "y_list": [
        0.345642626285553,
        0.28706908226013184,
        0.2362392395734787,
        0.1763329952955246
    ],
    "budget": 50
}