{
    "time": 68.51576366706286,
    "x_best": [
        0,
        1,
        1,
        0,
        1,
        0,
        0,
        0,
        1,
        0
    ],
    "y_best": 0.03020000085234642,
    "m_list": [
        10,
        15,
        25,
        34,
        100
    ],
    "y_list": [
        0.14443008601665497,
        0.12349999696016312,
        0.09269999712705612,
        0.03020000085234642,
        0.03020000085234642
    ]
}