{
    "y_best": 0.13623276352882385,
    "x_best": [
        1,
        0,
        0,
        1
    ],
    "c_best": true,
    "t_best": 0.015903107007034123,
    "m_list": [
        1,
        3,
        5,
        14
    ],
    "y_list": [
        0.470030814409256,
        0.34399762749671936,
        0.22748693823814392,
        0.13623276352882385
    ],
    "budget": 50
}