{
    "y_best": 0.1763329952955246,
    "x_best": [
        0,
        1,
        0,
        1
    ],
    "c_best": true,
    "t_best": 0.010667877970263362,
    "m_list": [
        1,
        3,
        8,
        9
    ],
    "y_list": [
        0.2362392395734787,
        0.22716283798217773,
        0.22532932460308075,
        0.1763329952955246
    ],
    "budget": 50
}