{
    "t_best": 0.02097820898052305,
    "x_best": [
        1,
        1,
        0,
        1,
        1,
        1,
        0,
        1,
        1,
        0
    ],
    "y_best": -0.450206458568573,
    "c_best": true,
    "m_list": [
        1,
        8,
        9
    ],
    "y_list": [
        -0.33478981256484985,
        -0.43315988779067993,
        -0.450206458568573
    ],
    "budget": 10
}