{
    "time": 587.7636080000084,
    "x_best": [
        0,
        1,
        1,
        0,
        1,
        1,
        0,
        0,
        1,
        0
    ],
    "y_best": -0.0032999999821186066,
    "m_list": [
        10,
        48,
        63,
        83,
        90,
        100
    ],
    "y_list": [
        0.06214725971221924,
        0.05590000003576279,
        0.033399999141693115,
        0.02539999969303608,
        -0.0032999999821186066,
        -0.0032999999821186066
    ]
}