{
    "y_best": 0.1763329952955246,
    "x_best": [
        0,
        1,
        0,
        1
    ],
    "c_best": true,
    "t_best": 0.02713313396088779,
    "m_list": [
        1,
        8
    ],
    "y_list": [
        0.18724291026592255,
        0.1763329952955246
    ],
    "budget": 50
}