{
    "y_best": 0.1763329952955246,
    "x_best": [
        0,
        1,
        0,
        1
    ],
    "c_best": true,
    "t_best": 0.03506253601517528,
    "m_list": [
        1,
        6,
        29
    ],
    "y_list": [
        0.22716283798217773,
        0.18724291026592255,
        0.1763329952955246
    ],
    "budget": 50
}