{
    "y_best": 0.13623276352882385,
    "x_best": [
        1,
        0,
        0,
        1
    ],
    "c_best": true,
    "t_best": 0.007260696962475777,
    "m_list": [
        1,
        2,
        6
    ],
    "y_list": [
        0.5865415334701538,
        0.3571733832359314,
        0.13623276352882385
    ],
    "budget": 50
}