{
    "y_best": 0.13623276352882385,
    "x_best": [
        1,
        0,
        0,
        1
    ],
    "c_best": true,
    "t_best": 0.11107566696591675,
    "m_list": [
        1,
        2,
        5,
        6,
        10,
        17,
        36
    ],
    "y_list": [
        0.807482123374939,
        0.470030814409256,
        0.44842755794525146,
        0.3787766396999359,
        0.34399762749671936,
        0.22748693823814392,
        0.13623276352882385
    ],
    "budget": 50
}