{
    "t_best": 0.004492749983910471,
    "x_best": [
        1,
        1,
        0,
        1,
        1,
        1,
        0,
        1,
        1,
        0
    ],
    "y_best": -0.450206458568573,
    "c_best": true,
    "m_list": [
        1,
        2,
        3,
        4
    ],
    "y_list": [
        0.338010311126709,
        -0.0005355179309844971,
        -0.1109609603881836,
        -0.450206458568573
    ],
    "budget": 10
}