{
    "y_best": 0.1763329952955246,
    "x_best": [
        0,
        1,
        0,
        1
    ],
    "c_best": true,
    "t_best": 0.0026928239967674017,
    "m_list": [
        1,
        2
    ],
    "y_list": [
        0.22532932460308075,
        0.1763329952955246
    ],
    "budget": 50
}