{
    "t_best": 0.011658207979053259,
    "x_best": [
        1,
        0,
        1,
        1,
        1,
        1,
        0,
        0,
        1,
        1
    ],
    "y_best": -0.8344581723213196,
    "c_best": true,
    "m_list": [
        1,
        4,
        7
    ],
    "y_list": [
        -0.16095834970474243,
        -0.18873178958892822,
        -0.8344581723213196
    ],
    "budget": 10
}