{
    "t_best": 0.01029462501173839,
    "x_best": [
        1,
        1,
        0,
        1,
        1,
        0,
        0,
        1,
        0,
        1
    ],
    "y_best": -0.35253602266311646,
    "c_best": true,
    "m_list": [
        1,
        2,
        7,
        9
    ],
    "y_list": [
        -0.1542503833770752,
        -0.17669188976287842,
        -0.30968284606933594,
        -0.35253602266311646
    ],
    "budget": 10
}