{
    "time": 1959.9780505419476,
    "x_best": [
        0,
        1,
        1,
        0,
        1,
        1,
        0,
        0,
        1,
        0
    ],
    "y_best": -0.0032999999821186066,
    "m_list": [
        10,
        12,
        28,
        50,
        100
    ],
    "y_list": [
        0.26797914505004883,
        0.09139999747276306,
        0.08839999884366989,
        -0.0032999999821186066,
        -0.0032999999821186066
    ]
}