{
    "y_best": 0.1763329952955246,
    "x_best": [
        0,
        1,
        0,
        1
    ],
    "c_best": true,
    "t_best": 0.02202947298064828,
    "m_list": [
        1,
        2,
        9,
        19
    ],
    "y_list": [
        0.29481279850006104,
        0.22716283798217773,
        0.22532932460308075,
        0.1763329952955246
    ],
    "budget": 50
}