{
    "y_best": 0.1763329952955246,
    "x_best": [
        0,
        1,
        0,
        1
    ],
    "c_best": true,
    "t_best": 0.049430691986344755,
    "m_list": [
        1,
        8,
        41
    ],
    "y_list": [
        0.2362392395734787,
        0.18724291026592255,
        0.1763329952955246
    ],
    "budget": 50
}