{
    "y_best": 0.1763329952955246,
    "x_best": [
        0,
        1,
        0,
        1
    ],
    "c_best": true,
    "t_best": 0.029006002005189657,
    "m_list": [
        1,
        5,
        9
    ],
    "y_list": [
        0.2362392395734787,
        0.23490655422210693,
        0.1763329952955246
    ],
    "budget": 50
}