{
    "time": 1.0876797089877073,
    "x_best": [
        0,
        1,
        1,
        0,
        1,
        1,
        1,
        0,
        1,
        0
    ],
    "y_best": 0.02538198232650757,
    "m_list": [
        5,
        15,
        25,
        55,
        100
    ],
    "y_list": [
        0.10529440641403198,
        0.09143480658531189,
        0.03343290090560913,
        0.02538198232650757,
        0.02538198232650757
    ]
}