{
    "y_best": 0.13623276352882385,
    "x_best": [
        1,
        0,
        0,
        1
    ],
    "c_best": true,
    "t_best": 0.021587993018329144,
    "m_list": [
        1,
        2,
        3,
        8,
        20
    ],
    "y_list": [
        0.5649382472038269,
        0.470030814409256,
        0.3787766396999359,
        0.34399762749671936,
        0.13623276352882385
    ],
    "budget": 50
}