{
    "y_best": 0.13623276352882385,
    "x_best": [
        1,
        0,
        0,
        1
    ],
    "c_best": true,
    "t_best": 0.014432225027121603,
    "m_list": [
        1,
        2,
        5,
        11
    ],
    "y_list": [
        0.5997172594070435,
        0.43525180220603943,
        0.34399762749671936,
        0.13623276352882385
    ],
    "budget": 50
}