{
    "time": 80.83252087503206,
    "x_best": [
        0,
        1,
        1,
        0,
        1,
        0,
        0,
        1,
        1,
        0
    ],
    "y_best": 0.04280000180006027,
    "m_list": [
        10,
        100
    ],
    "y_list": [
        0.0992400050163269,
        0.04280000180006027
    ]
}