{
    "time": 0.6888767079217359,
    "x_best": [
        0,
        1,
        1,
        0,
        1,
        1,
        0,
        0,
        1,
        0
    ],
    "y_best": -0.003332376480102539,
    "m_list": [
        5,
        25,
        100
    ],
    "y_list": [
        0.10529440641403198,
        0.03343290090560913,
        -0.003332376480102539
    ]
}