{
    "y_best": 0.13623276352882385,
    "x_best": [
        1,
        0,
        0,
        1
    ],
    "c_best": true,
    "t_best": 0.028224012930877507,
    "m_list": [
        1,
        2,
        7,
        24
    ],
    "y_list": [
        0.44842755794525146,
        0.3571733832359314,
        0.34399762749671936,
        0.13623276352882385
    ],
    "budget": 50
}