{
    "time": 0.8004162079887465,
    "x_best": [
        0,
        1,
        1,
        0,
        1,
        0,
        1,
        0,
        0,
        1
    ],
    "y_best": -0.5146560668945312,
    "m_list": [
        5,
        15,
        100
    ],
    "y_list": [
        -0.2660628855228424,
        -0.5146560668945312,
        -0.5146560668945312
    ]
}