{
    "time": 0.1006362090120092,
    "x_best": [
        0,
        0,
        0
    ],
    "y_best": -30.0,
    "m_list": [
        2,
        3,
        25
    ],
    "y_list": [
        -2.369980573654175,
        -30.0,
        -30.0
    ]
}