{
    "y_best": 0.1763329952955246,
    "x_best": [
        0,
        1,
        0,
        1
    ],
    "c_best": true,
    "t_best": 0.01989972498267889,
    "m_list": [
        1,
        2,
        6,
        12,
        17
    ],
    "y_list": [
        0.28706908226013184,
        0.23490655422210693,
        0.22532932460308075,
        0.18724291026592255,
        0.1763329952955246
    ],
    "budget": 50
}